"file","gender","split"
"train/women/0.jpg","woman","train"
"train/women/1.jpg","woman","train"
"train/women/2.jpg","woman","train"
"train/women/3.jpg","woman","train"
"train/women/4.jpg","woman","train"
"train/women/5.jpg","woman","train"
"train/women/6.jpg","woman","train"
"train/women/7.jpg","woman","train"
"train/women/8.jpg","woman","train"
"train/women/9.jpg","woman","train"
"train/women/10.jpg","woman","train"
"train/women/11.jpg","woman","train"
"train/women/12.jpg","woman","train"
"train/women/13.jpg","woman","train"
"train/women/14.jpg","woman","train"
"train/women/15.jpg","woman","train"
"train/women/16.jpg","woman","train"
"train/women/17.jpg","woman","train"
"train/women/18.jpg","woman","train"
"train/women/19.jpg","woman","train"
"train/women/20.jpg","woman","train"
"train/women/21.jpg","woman","train"
"train/women/22.jpg","woman","train"
"train/women/23.jpg","woman","train"
"train/women/24.jpg","woman","train"
"train/women/25.jpg","woman","train"
"train/women/26.jpg","woman","train"
"train/women/27.jpg","woman","train"
"train/women/28.jpg","woman","train"
"train/women/29.jpg","woman","train"
"train/women/30.jpg","woman","train"
"train/women/31.jpg","woman","train"
"train/women/32.jpg","woman","train"
"train/women/33.jpg","woman","train"
"train/women/34.jpg","woman","train"
"train/women/35.jpg","woman","train"
"train/women/36.jpg","woman","train"
"train/women/37.jpg","woman","train"
"train/women/38.jpg","woman","train"
"train/women/39.jpg","woman","train"
"train/women/40.jpg","woman","train"
"train/women/41.jpg","woman","train"
"train/women/42.jpg","woman","train"
"train/women/43.jpg","woman","train"
"train/women/44.jpg","woman","train"
"train/women/45.jpg","woman","train"
"train/women/46.jpg","woman","train"
"train/women/47.jpg","woman","train"
"train/women/48.jpg","woman","train"
"train/women/49.jpg","woman","train"
"train/women/50.jpg","woman","train"
"train/women/51.jpg","woman","train"
"train/women/52.jpg","woman","train"
"train/women/53.jpg","woman","train"
"train/women/54.jpg","woman","train"
"train/women/55.jpg","woman","train"
"train/women/56.jpg","woman","train"
"train/women/57.jpg","woman","train"
"train/women/58.jpg","woman","train"
"train/women/59.jpg","woman","train"
"train/women/60.jpg","woman","train"
"train/women/61.jpg","woman","train"
"train/women/62.jpg","woman","train"
"train/women/63.jpg","woman","train"
"train/women/64.jpg","woman","train"
"train/women/65.jpg","woman","train"
"train/women/66.jpg","woman","train"
"train/women/67.jpg","woman","train"
"train/women/68.jpg","woman","train"
"train/women/69.jpg","woman","train"
"train/women/70.jpg","woman","train"
"train/women/71.jpg","woman","train"
"train/women/72.jpg","woman","train"
"train/women/73.jpg","woman","train"
"train/women/74.jpg","woman","train"
"train/women/75.jpg","woman","train"
"train/women/76.jpg","woman","train"
"train/women/77.jpg","woman","train"
"train/women/78.jpg","woman","train"
"train/women/79.jpg","woman","train"
"train/women/80.jpg","woman","train"
"train/women/81.jpg","woman","train"
"train/women/82.jpg","woman","train"
"train/women/83.jpg","woman","train"
"train/women/84.jpg","woman","train"
"train/women/85.jpg","woman","train"
"train/women/86.jpg","woman","train"
"train/women/87.jpg","woman","train"
"train/women/88.jpg","woman","train"
"train/women/89.jpg","woman","train"
"train/women/90.jpg","woman","train"
"train/women/91.jpg","woman","train"
"train/women/92.jpg","woman","train"
"train/women/93.jpg","woman","train"
"train/women/94.jpg","woman","train"
"train/women/95.jpg","woman","train"
"train/women/96.jpg","woman","train"
"train/women/97.jpg","woman","train"
"train/women/98.jpg","woman","train"
"train/women/99.jpg","woman","train"
"train/women/100.jpg","woman","train"
"train/women/101.jpg","woman","train"
"train/women/102.jpg","woman","train"
"train/women/103.jpg","woman","train"
"train/women/104.jpg","woman","train"
"train/women/105.jpg","woman","train"
"train/women/106.jpg","woman","train"
"train/women/107.jpg","woman","train"
"train/women/108.jpg","woman","train"
"train/women/109.jpg","woman","train"
"test/women/110.jpg","woman","test"
"test/women/111.jpg","woman","test"
"test/women/112.jpg","woman","test"
"test/women/113.jpg","woman","test"
"test/women/114.jpg","woman","test"
"test/women/115.jpg","woman","test"
"test/women/116.jpg","woman","test"
"test/women/117.jpg","woman","test"
"test/women/118.jpg","woman","test"
"test/women/119.jpg","woman","test"
"test/women/120.jpg","woman","test"
"test/women/121.jpg","woman","test"
"test/women/122.jpg","woman","test"
"test/women/123.jpg","woman","test"
"test/women/124.jpg","woman","test"
"test/women/125.jpg","woman","test"
"test/women/126.jpg","woman","test"
"test/women/127.jpg","woman","test"
"test/women/128.jpg","woman","test"
"test/women/129.jpg","woman","test"
"test/women/130.jpg","woman","test"
"test/women/131.jpg","woman","test"
"test/women/132.jpg","woman","test"
"test/women/133.jpg","woman","test"
"test/women/134.jpg","woman","test"
"test/women/135.jpg","woman","test"
"test/women/136.jpg","woman","test"
"test/women/137.jpg","woman","test"
"test/women/138.jpg","woman","test"
"test/women/139.jpg","woman","test"
"test/women/140.jpg","woman","test"
"test/women/141.jpg","woman","test"
"test/women/142.jpg","woman","test"
"test/women/143.jpg","woman","test"
"test/women/144.jpg","woman","test"
"test/women/145.jpg","woman","test"
"test/women/146.jpg","woman","test"
"test/women/147.jpg","woman","test"
"test/women/148.jpg","woman","test"
"test/women/149.jpg","woman","test"
"train/men/0.jpg","man","train"
"train/men/1.jpg","man","train"
"train/men/2.jpg","man","train"
"train/men/3.jpg","man","train"
"train/men/4.jpg","man","train"
"train/men/5.jpg","man","train"
"train/men/6.jpg","man","train"
"train/men/7.jpg","man","train"
"train/men/8.jpg","man","train"
"train/men/9.jpg","man","train"
"train/men/10.jpg","man","train"
"train/men/11.jpg","man","train"
"train/men/12.jpg","man","train"
"train/men/13.jpg","man","train"
"train/men/14.jpg","man","train"
"train/men/15.jpg","man","train"
"train/men/16.jpg","man","train"
"train/men/17.jpg","man","train"
"train/men/18.jpg","man","train"
"train/men/19.jpg","man","train"
"train/men/20.jpg","man","train"
"train/men/21.jpg","man","train"
"train/men/22.jpg","man","train"
"train/men/23.jpg","man","train"
"train/men/24.jpg","man","train"
"train/men/25.jpg","man","train"
"train/men/26.jpg","man","train"
"train/men/27.jpg","man","train"
"train/men/28.jpg","man","train"
"train/men/29.jpg","man","train"
"train/men/30.jpg","man","train"
"train/men/31.jpg","man","train"
"train/men/32.jpg","man","train"
"train/men/33.jpg","man","train"
"train/men/34.jpg","man","train"
"train/men/35.jpg","man","train"
"train/men/36.jpg","man","train"
"train/men/37.jpg","man","train"
"train/men/38.jpg","man","train"
"train/men/39.jpg","man","train"
"train/men/40.jpg","man","train"
"train/men/41.jpg","man","train"
"train/men/42.jpg","man","train"
"train/men/43.jpg","man","train"
"train/men/44.jpg","man","train"
"train/men/45.jpg","man","train"
"train/men/46.jpg","man","train"
"train/men/47.jpg","man","train"
"train/men/48.jpg","man","train"
"train/men/49.jpg","man","train"
"train/men/50.jpg","man","train"
"train/men/51.jpg","man","train"
"train/men/52.jpg","man","train"
"train/men/53.jpg","man","train"
"train/men/54.jpg","man","train"
"train/men/55.jpg","man","train"
"train/men/56.jpg","man","train"
"train/men/57.jpg","man","train"
"train/men/58.jpg","man","train"
"train/men/59.jpg","man","train"
"train/men/60.jpg","man","train"
"train/men/61.jpg","man","train"
"train/men/62.jpg","man","train"
"train/men/63.jpg","man","train"
"train/men/64.jpg","man","train"
"train/men/65.jpg","man","train"
"train/men/66.jpg","man","train"
"train/men/67.jpg","man","train"
"train/men/68.jpg","man","train"
"train/men/69.jpg","man","train"
"train/men/70.jpg","man","train"
"train/men/71.jpg","man","train"
"train/men/72.jpg","man","train"
"train/men/73.jpg","man","train"
"train/men/74.jpg","man","train"
"train/men/75.jpg","man","train"
"train/men/76.jpg","man","train"
"train/men/77.jpg","man","train"
"train/men/78.jpg","man","train"
"train/men/79.jpg","man","train"
"train/men/80.jpg","man","train"
"train/men/81.jpg","man","train"
"train/men/82.jpg","man","train"
"train/men/83.jpg","man","train"
"train/men/84.jpg","man","train"
"train/men/85.jpg","man","train"
"train/men/86.jpg","man","train"
"train/men/87.jpg","man","train"
"train/men/88.jpg","man","train"
"train/men/89.jpg","man","train"
"train/men/90.jpg","man","train"
"train/men/91.jpg","man","train"
"train/men/92.jpg","man","train"
"train/men/93.jpg","man","train"
"train/men/94.jpg","man","train"
"train/men/95.jpg","man","train"
"train/men/96.jpg","man","train"
"train/men/97.jpg","man","train"
"train/men/98.jpg","man","train"
"train/men/99.jpg","man","train"
"train/men/100.jpg","man","train"
"train/men/101.jpg","man","train"
"train/men/102.jpg","man","train"
"train/men/103.jpg","man","train"
"train/men/104.jpg","man","train"
"train/men/105.jpg","man","train"
"train/men/106.jpg","man","train"
"train/men/107.jpg","man","train"
"train/men/108.jpg","man","train"
"train/men/109.jpg","man","train"
"test/men/110.jpg","man","test"
"test/men/111.jpg","man","test"
"test/men/112.jpg","man","test"
"test/men/113.jpg","man","test"
"test/men/114.jpg","man","test"
"test/men/115.jpg","man","test"
"test/men/116.jpg","man","test"
"test/men/117.jpg","man","test"
"test/men/118.jpg","man","test"
"test/men/119.jpg","man","test"
"test/men/120.jpg","man","test"
"test/men/121.jpg","man","test"
"test/men/122.jpg","man","test"
"test/men/123.jpg","man","test"
"test/men/124.jpg","man","test"
"test/men/125.jpg","man","test"
"test/men/126.jpg","man","test"
"test/men/127.jpg","man","test"
"test/men/128.jpg","man","test"
"test/men/129.jpg","man","test"
"test/men/130.jpg","man","test"
"test/men/131.jpg","man","test"
"test/men/132.jpg","man","test"
"test/men/133.jpg","man","test"
"test/men/134.jpg","man","test"
"test/men/135.jpg","man","test"
"test/men/136.jpg","man","test"
"test/men/137.jpg","man","test"
"test/men/138.jpg","man","test"
"test/men/139.jpg","man","test"
"test/men/140.jpg","man","test"
"test/men/141.jpg","man","test"
"test/men/142.jpg","man","test"
"test/men/143.jpg","man","test"
"test/men/144.jpg","man","test"
"test/men/145.jpg","man","test"
"test/men/146.jpg","man","test"
"test/men/147.jpg","man","test"
"test/men/148.jpg","man","test"
"test/men/149.jpg","man","test"
